No,艦名,艦種,耐久,装甲,回避,火力,雷装,対空,対潜,索敵,運,搭載,速力,射程,燃料,弾薬,備考,追加
001a,長門,戦艦,80,89,49,99,0,89,0,39,20,12,低速,長,100,130,Lv99,編集
001b,長門改,戦艦,90,98,69,99,0,99,0,49,32,12,低速,長,100,160,Lv99,編集
002a,陸奥,戦艦,80,89,49,99,0,89,0,39,3,12,低速,長,100,130,Lv99,編集
002b,陸奥改,戦艦,90,98,69,99,0,99,0,49,6,12,低速,長,100,160,Lv99,編集
3,伊勢,戦艦,74,89,49,89,0,79,0,36,15,12,低速,長,85,120,Lv99,編集
4,日向,戦艦,74,89,49,94,0,79,0,36,15,12,低速,長,85,120,Lv99,編集
005a,雪風,駆逐艦,16,29,89,29,79,49,49,19,50,0,高速,短,15,20,Lv99,編集
005b,雪風改,駆逐艦,32,59,99,59,89,59,59,39,60,0,高速,短,15,20,Lv99,編集
006a,赤城,正規空母,69,54,49,39,0,69,0,69,12,73,高速,短,60,55,Lv99,編集
006b,赤城改,正規空母,77,79,69,55,0,79,0,89,12,82,高速,短,75,75,Lv99,編集
007a,加賀,正規空母,71,59,49,39,0,69,0,69,10,93,高速,短,60,55,Lv99,編集
007b,加賀改,正規空母,79,79,69,50,0,79,0,89,12,98,高速,短,80,80,Lv99,編集
008a,蒼龍,正規空母,50,49,59,29,0,69,0,69,10,64,高速,短,50,50,Lv99,編集
008b,蒼龍改,正規空母,65,69,69,39,0,79,0,89,12,73,高速,短,65,65,Lv99,編集
009a,飛龍,正規空母,50,49,69,29,0,69,0,69,35,64,高速,短,50,50,Lv99,編集
009b,飛龍改,正規空母,65,69,79,39,0,79,0,89,40,73,高速,短,65,65,Lv99,編集
010a,島風,駆逐艦,19,29,99,29,89,49,49,19,10,0,高速,短,20,25,Lv99,編集
010b,島風改,駆逐艦,36,59,99,59,99,59,59,39,12,0,高速,短,20,25,Lv99,編集
011a,吹雪,駆逐艦,15,19,89,29,79,39,49,19,17,0,高速,短,15,20,Lv99,編集
011b,吹雪改,駆逐艦,30,49,89,49,79,49,59,39,12,0,高速,短,15,20,Lv99,編集
012a,白雪,駆逐艦,15,19,79,29,69,39,49,19,10,0,高速,短,15,20,Lv99,編集
012b,白雪改,駆逐艦,30,49,89,49,79,49,59,39,12,0,高速,短,15,20,Lv99,編集
013a,初雪,駆逐艦,15,19,79,29,69,39,49,19,10,0,高速,短,15,20,Lv99,編集
013b,初雪改,駆逐艦,30,49,89,49,79,49,59,39,12,0,高速,短,15,20,Lv99,編集
014a,深雪,駆逐艦,15,19,79,29,69,39,49,19,10,0,高速,短,15,20,Lv99,編集
014b,深雪改,駆逐艦,30,49,89,51,79,49,59,42,12,0,高速,短,15,20,,編集
015a,叢雲,駆逐艦,15,19,79,29,69,39,49,19,10,0,高速,短,15,20,LV99,編集
015b,叢雲改,駆逐艦,30,49,89,49,79,49,59,39,12,0,高速,短,15,20,Lv99,編集
016a,磯波,駆逐艦,15,19,79,29,69,39,49,19,10,0,高速,短,15,20,Lv99,編集
016b,磯波改,駆逐艦,30,49,89,49,79,49,59,39,12,0,高速,短,15,20,LV99,編集
017a,綾波,駆逐艦,15,19,89,29,79,39,49,19,12,0,高速,短,15,20,Lv99,編集
017b,綾波改,駆逐艦,30,49,89,49,79,49,59,39,12,0,高速,短,15,20,LV99,編集
018a,敷波,駆逐艦,15,19,79,29,69,39,49,19,10,0,高速,短,15,20,Lv99,編集
018b,敷波改,駆逐艦,30,49,89,49,79,49,59,39,12,0,高速,短,15,20,LV99,編集
19,大井,軽巡洋艦,25,29,77,49,89,59,59,39,17,0,高速,中,25,25,Lv99,編集
20,北上,軽巡洋艦,25,29,69,39,79,49,59,39,15,0,高速,中,25,25,Lv99,編集
No.▲▼,艦名,艦種,耐久,装甲,回避,火力,雷装,対空,対潜,索敵,運,搭載,速力,射程,燃料,弾薬,備考,編集
021a,金剛,戦艦,63,69,59,89,0,69,0,39,12,9,高速,長,80,110,Lv99,編集
021b,金剛改,戦艦,75,89,69,94,0,79,0,49,12,12,高速,長,90,120,Lv99,編集
022a,比叡,戦艦,63,69,59,89,0,69,0,39,10,9,高速,長,80,110,Lv99,編集
022b,比叡改,戦艦,75,89,69,94,0,79,0,49,12,12,高速,長,90,120,LV99,編集
023a,榛名,戦艦,63,69,59,89,0,69,0,39,15,9,高速,長,80,110,Lv99,編集
023b,榛名改,戦艦,75,89,69,94,0,79,0,49,20,12,高速,長,90,120,Lv99,編集
024a,霧島,戦艦,63,69,59,89,0,69,0,39,10,9,高速,長,80,110,Lv99,編集
024b,霧島改,戦艦,75,89,69,94,0,79,0,49,12,12,高速,長,90,120,Lv99,編集
025a,鳳翔,軽空母,30,39,39,19,0,29,0,36,20,19,低速,短,25,25,,編集
025b,鳳翔改,軽空母,40,49,59,29,0,39,0,79,30,42,低速,短,30,30,Lv99,編集
026a,扶桑,戦艦,67,79,39,94,0,79,0,33,5,12,低速,長,85,120,Lv99,編集
026b,扶桑改,航空戦艦,75,89,67,79,0,89,0,49,10,40,低速,長,95,105,Lv99,編集
027a,山城,戦艦,67,79,39,94,0,79,0,33,5,12,低速,長,85,120,Lv99,編集
027b,山城改,航空戦艦,75,89,67,79,0,89,0,49,10,40,低速,長,95,105,Lv99,編集
028a,天龍,軽巡洋艦,23,29,69,39,59,39,59,19,17,0,高速,中,25,20,Lv99,編集
028b,天龍改,軽巡洋艦,40,59,79,59,79,49,69,49,12,0,高速,中,25,25,Lv99,編集
029a,龍田,軽巡洋艦,23,29,69,39,59,39,59,19,17,0,高速,中,25,20,Lv99,編集
029b,龍田改,軽巡洋艦,40,59,79,59,79,49,69,49,12,0,高速,中,25,25,Lv99,編集
030a,龍驤,軽空母,31,39,44,19,0,29,0,69,10,38,高速,短,35,35,Lv99,編集
030b,龍驤改,軽空母,45,59,59,29,0,39,0,79,12,43,高速,短,40,40,Lv99,編集
031a,睦月,駆逐艦,13,18,79,29,59,29,39,17,12,0,高速,短,15,15,,編集
031b,睦月改,駆逐艦,24,39,89,39,69,39,59,39,12,0,高速,短,15,15,LV99,編集
032a,如月,駆逐艦,13,18,69,29,49,29,39,17,10,0,高速,短,15,15,,編集
032b,如月改,駆逐艦,24,39,89,39,69,39,59,39,12,0,高速,短,15,15,Lv99,編集
033a,皐月,駆逐艦,13,18,69,29,49,29,39,17,10,0,高速,短,15,15,Lv99,編集
033b,皐月改,駆逐艦,24,39,89,39,69,39,59,39,12,0,高速,短,15,15,Lv99,編集
034a,文月,駆逐艦,13,18,69,29,49,29,39,17,10,0,高速,短,15,15,,編集
034b,文月改,駆逐艦,24,39,89,39,69,39,59,39,12,0,高速,短,15,15,LV99,編集
035a,長月,駆逐艦,13,18,69,29,49,29,39,17,15,0,高速,短,15,15,,編集
035b,長月改,駆逐艦,24,39,89,39,69,39,59,39,20,0,高速,短,15,15,Lv99,編集
036a,菊月,駆逐艦,13,18,69,29,49,29,39,17,10,0,高速,短,15,15,,編集
036b,菊月改,駆逐艦,24,39,89,39,69,39,59,39,12,0,高速,短,15,15,LV99,編集
037a,三日月,駆逐艦,13,18,69,29,49,29,39,17,10,0,高速,短,15,15,,編集
037b,三日月改,駆逐艦,24,39,89,39,69,39,59,39,12,0,高速,短,15,15,LV99,編集
038a,望月,駆逐艦,13,18,69,29,49,29,39,17,10,0,高速,短,15,15,,編集
038b,望月改,駆逐艦,24,39,89,39,69,39,59,39,12,0,高速,短,15,15,LV99,編集
039a,球磨,軽巡洋艦,25,29,79,49,89,59,59,39,12,2,高速,中,25,25,Lv99,編集
039b,球磨改,軽巡洋艦,42,69,79,69,89,69,79,49,12,3,高速,中,25,30,Lv99,編集
040a,多摩,軽巡洋艦,25,29,69,39,79,49,59,39,10,2,高速,中,25,25,Lv99,編集
040b,多摩改,軽巡洋艦,42,59,79,59,79,59,79,49,12,3,高速,中,25,30,Lv99,編集
No.▲▼,艦名,艦種,耐久,装甲,回避,火力,雷装,対空,対潜,索敵,運,搭載,速力,射程,燃料,弾薬,備考,編集
041a,木曾,軽巡洋艦,25,29,69,39,79,49,59,39,10,2,高速,中,25,25,,編集
041b,木曾改,軽巡洋艦,42,59,79,59,79,59,79,49,12,3,高速,中,25,30,Lv99,編集
042a,長良,軽巡洋艦,26,29,79,49,89,59,59,39,12,2,高速,中,25,25,,編集
042b,長良改,軽巡洋艦,43,69,79,69,89,69,79,49,12,3,高速,中,25,30,Lv99,編集
043a,五十鈴,軽巡洋艦,26,29,69,39,79,49,79,39,10,2,高速,中,25,25,,編集
043b,五十鈴改,軽巡洋艦,37,59,79,59,79,59,79,49,12,3,高速,中,25,30,Lv99,編集
044a,名取,軽巡洋艦,26,29,69,39,79,49,59,39,10,2,高速,中,25,25,,編集
044b,名取改,軽巡洋艦,43,59,79,69,89,59,79,49,12,3,高速,中,25,30,Lv99,編集
045a,由良,軽巡洋艦,26,29,69,39,79,49,79,39,10,2,高速,中,25,25,,編集
045b,由良改,軽巡洋艦,43,59,79,59,79,59,79,49,12,3,高速,中,25,30,Lv99,編集
046a,川内,軽巡洋艦,26,29,79,49,89,59,69,39,12,2,高速,中,25,25,,編集
046b,川内改,軽巡洋艦,44,69,79,59,79,69,79,49,12,3,高速,中,25,30,Lv99,編集
047a,神通,軽巡洋艦,26,29,69,39,79,49,69,39,10,2,高速,中,25,25,,編集
047b,神通改,軽巡洋艦,44,59,79,59,79,59,79,49,12,3,高速,中,25,30,Lv99,編集
048a,那珂,軽巡洋艦,26,29,69,39,79,49,69,39,10,2,高速,中,25,25,,編集
048b,那珂改,軽巡洋艦,44,59,79,59,79,59,79,49,12,3,高速,中,25,30,LV99,編集
49,千歳,水上機母艦,40,39,39,29,0,9,0,69,10,24,高速,短,35,35,,編集
50,千代田,水上機母艦,40,39,39,29,0,9,0,69,10,24,高速,短,35,35,,編集
51,最上,重巡洋艦,41,59,69,59,69,59,0,39,10,6,高速,中,40,65,Lv99,編集
052a,古鷹,重巡洋艦,36,34,69,54,59,59,0,39,10,6,高速,中,35,50,Lv99,編集
052b,古鷹改,重巡洋艦,48,70,75,70,59,59,0,49,10,8,高速,中,35,55,Lv99 2014/1/15メンテ後,編集
053a,加古,重巡洋艦,36,34,59,49,49,49,0,39,10,6,高速,中,35,50,Lv99,編集
053b,加古改,重巡洋艦,48,70,75,70,59,59,0,49,10,8,高速,中,35,55,Lv99 2014/1/15メンテ後,編集
054a,青葉,重巡洋艦,37,37,69,54,59,59,0,39,20,6,高速,中,35,50,Lv99,編集
054b,青葉改,重巡洋艦,49,72,80,72,59,59,0,49,30,8,高速,中,35,55,,編集
055a,妙高,重巡洋艦,44,49,69,59,59,64,0,39,10,6,高速,中,40,65,,編集
055b,妙高改,重巡洋艦,55,73,79,76,79,69,0,49,10,8,高速,中,40,70,Lv99 2014/1/15メンテ後,編集
056a,那智,重巡洋艦,44,49,59,54,49,54,0,39,10,6,高速,中,40,65,,編集
056b,那智改,重巡洋艦,55,73,79,76,69,69,0,49,10,8,高速,中,40,70,Lv99 2014/1/15メンテ後,編集
057a,足柄,重巡洋艦,44,49,59,54,49,54,0,39,10,6,高速,中,40,65,,編集
057b,足柄改,重巡洋艦,55,73,79,77,69,69,0,49,10,8,高速,中,40,70,Lv99 2014/1/15メンテ後,編集
058a,羽黒,重巡洋艦,44,49,59,54,49,54,0,39,10,6,高速,中,40,65,,編集
058b,羽黒改,重巡洋艦,55,73,79,77,69,69,0,49,10,8,高速,中,40,70,Lv99 2014/1/15メンテ後,編集
059a,高雄,重巡洋艦,45,49,69,59,59,66,0,39,10,6,高速,中,40,65,,編集
059b,高雄改,重巡洋艦,57,75,80,77,79,69,0,49,10,8,高速,中,40,70,Lv99 2020\9\17メンテ後,編集
060a,愛宕,重巡洋艦,45,49,59,54,59,56,0,39,10,6,高速,中,40,65,,編集
060b,愛宕改,重巡洋艦,57,75,79,77,79,69,0,49,10,8,高速,中,40,70,Lv99 2014/1/15メンテ後,編集
No.▲▼,艦名,艦種,耐久,装甲,回避,火力,雷装,対空,対潜,索敵,運,搭載,速力,射程,燃料,弾薬,備考,編集
061a,摩耶,重巡洋艦,45,49,59,54,49,56,0,39,10,6,高速,中,40,65,,編集
061b,摩耶改,重巡洋艦,55,75,79,78,69,89,0,49,10,8,高速,中,40,70,Lv99 2014/1/15メンテ後,編集
062a,鳥海,重巡洋艦,45,49,59,54,49,56,0,39,10,6,高速,中,40,65,,編集
062b,鳥海改,重巡洋艦,57,75,79,78,69,69,0,49,10,8,高速,中,40,70,Lv99 2014/1/15メンテ後,編集
063a,利根,重巡洋艦,44,59,69,59,59,67,0,59,10,9,高速,中,45,60,,編集
063b,利根改,重巡洋艦,56,77,79,76,79,79,0,79,10,16,高速,中,45,65,Lv99 2014/1/15メンテ後,編集
064a,筑摩,重巡洋艦,44,59,69,59,59,67,0,59,10,9,高速,中,45,60,,編集
064b,筑摩改,重巡洋艦,56,77,79,76,79,79,0,77,10,16,高速,中,45,65,,編集
065a,飛鷹,軽空母,40,39,54,19,0,59,0,59,10,58,低速,短,40,40,Lv99,編集
065b,飛鷹改,軽空母,50,59,69,29,0,69,0,79,12,66,低速,短,45,45,Lv99,編集
066a,隼鷹,軽空母,40,39,54,19,0,59,0,59,20,58,低速,短,40,40,Lv99,編集
066b,隼鷹改,軽空母,50,59,69,29,0,69,0,79,30,66,低速,短,45,45,Lv99,編集
067a,朧,駆逐艦,15,19,79,29,69,39,49,19,10,0,高速,短,15,20,,編集
067b,朧改,駆逐艦,30,49,89,49,79,49,59,39,12,0,高速,短,15,20,Lv99,編集
068a,曙,駆逐艦,15,19,79,29,69,39,49,19,10,0,高速,短,15,20,,編集
068b,曙改,駆逐艦,30,49,89,49,79,49,59,39,12,0,高速,短,15,20,Lv99,編集
069a,漣,駆逐艦,15,19,79,29,69,39,49,19,10,0,高速,短,15,20,,編集
069b,漣改,駆逐艦,30,49,89,49,79,49,59,39,12,0,高速,短,15,20,Lv99,編集
070a,潮,駆逐艦,15,19,79,29,69,39,49,19,20,0,高速,短,15,20,,編集
070b,潮改,駆逐艦,30,49,89,49,79,49,59,39,20,0,高速,短,15,20,LV99,編集
071a,暁,駆逐艦,15,19,89,29,79,39,49,19,12,0,高速,短,15,20,LV99,編集
071b,暁改,駆逐艦,30,49,89,49,79,49,59,39,12,0,高速,短,15,20,LV99,編集
072a,響,駆逐艦,15,19,79,29,69,39,49,19,10,0,高速,短,15,20,,編集
072b,響改,駆逐艦,30,49,89,49,79,49,59,39,12,0,高速,短,15,20,LV99,編集
073a,雷,駆逐艦,15,19,79,29,69,39,49,19,10,0,高速,短,15,20,,編集
073b,雷改,駆逐艦,30,49,89,49,79,49,59,39,12,0,高速,短,15,20,Lv99,編集
074a,電,駆逐艦,15,19,79,29,69,39,49,19,10,0,高速,短,15,20,Lv99,編集
074b,電改,駆逐艦,30,49,89,49,79,49,59,39,12,0,高速,短,15,20,LV99,編集
075a,初春,駆逐艦,16,19,89,29,79,39,49,19,12,0,高速,短,15,20,Lv99,編集
075b,初春改,駆逐艦,30,49,89,49,79,49,59,39,12,0,高速,短,15,20,Lv99,編集
076a,子日,駆逐艦,16,19,79,29,69,39,49,19,10,0,高速,短,15,20,,編集
076b,子日改,駆逐艦,30,49,89,49,79,49,59,39,12,0,高速,短,15,20,Lv99,編集
077a,若葉,駆逐艦,16,19,79,29,69,39,49,19,10,0,高速,短,15,20,,編集
077b,若葉改,駆逐艦,30,49,89,49,79,49,59,39,12,0,高速,短,15,20,Lv99,編集
078a,初霜,駆逐艦,16,19,79,29,69,39,49,19,10,0,高速,短,15,20,,編集
078b,初霜改,駆逐艦,30,49,89,49,79,49,59,39,12,0,高速,短,15,20,Lv99,編集
079a,白露,駆逐艦,16,19,79,29,79,39,49,19,12,0,高速,短,15,20,,編集
079b,白露改,駆逐艦,30,49,89,49,79,49,59,39,12,0,高速,短,15,20,Lv99,編集
080a,時雨,駆逐艦,16,19,79,29,69,39,49,19,10,0,高速,短,15,20,,編集
080b,時雨改,駆逐艦,30,49,89,49,79,49,59,39,12,0,高速,短,15,20,LV99,編集
No.▲▼,艦名,艦種,耐久,装甲,回避,火力,雷装,対空,対潜,索敵,運,搭載,速力,射程,燃料,弾薬,備考,編集
081a,村雨,駆逐艦,16,19,79,29,69,39,49,19,10,0,高速,短,15,20,,編集
081b,村雨改,駆逐艦,30,49,89,49,79,49,59,39,12,0,高速,短,15,20,Lv130,編集
082a,夕立,駆逐艦,16,19,79,29,69,39,49,19,10,0,高速,短,15,20,,編集
082b,夕立改,駆逐艦,30,49,89,49,79,49,59,39,12,0,高速,短,15,20,Lv99,編集
083a,五月雨,駆逐艦,16,19,79,29,69,39,49,19,10,0,高速,短,15,20,Lv99,編集
083b,五月雨改,駆逐艦,30,49,89,49,79,49,59,39,12,0,高速,短,15,20,Lv99,編集
084a,涼風,駆逐艦,16,19,79,29,79,39,49,19,12,0,高速,短,15,20,,編集
084b,涼風改,駆逐艦,30,49,89,49,79,49,59,39,12,0,高速,短,15,20,Lv99,編集
085a,朝潮,駆逐艦,16,19,79,29,79,39,49,19,12,0,高速,短,15,20,,編集
085b,朝潮改,駆逐艦,31,49,89,49,79,49,59,39,12,0,高速,短,15,20,LV99,編集
086a,大潮,駆逐艦,16,19,79,29,69,39,49,19,10,0,高速,短,15,20,,編集
086b,大潮改,駆逐艦,31,49,89,49,79,49,59,39,12,0,高速,短,15,20,LV99,編集
087a,満潮,駆逐艦,16,19,79,29,69,39,49,19,10,0,高速,短,15,20,,編集
087b,満潮改,駆逐艦,31,49,89,49,79,49,59,39,12,0,高速,短,15,20,Lv99,編集
088a,荒潮,駆逐艦,16,19,79,29,69,39,49,19,10,0,高速,短,15,20,,編集
088b,荒潮改,駆逐艦,31,49,89,49,79,49,59,39,12,0,高速,短,15,20,LV99,編集
089a,霰,駆逐艦,16,19,79,29,69,39,49,19,10,0,高速,短,15,20,,編集
089b,霰改,駆逐艦,31,49,89,49,79,49,59,39,12,0,高速,短,15,20,LV99,編集
090a,霞,駆逐艦,16,19,79,29,69,39,49,19,15,0,高速,短,15,20,,編集
090b,霞改,駆逐艦,31,49,89,49,79,49,59,39,20,0,高速,短,15,20,LV99,編集
091a,陽炎,駆逐艦,16,19,79,29,79,39,49,19,12,0,高速,短,15,20,,編集
091b,陽炎改,駆逐艦,32,49,89,49,79,49,59,39,12,0,高速,短,15,20,Lv99,編集
092a,不知火,駆逐艦,16,19,79,29,69,39,49,19,10,0,高速,短,15,20,,編集
092b,不知火改,駆逐艦,32,49,89,49,79,49,59,39,12,0,高速,短,15,20,Lv99,編集
093a,黒潮,駆逐艦,16,19,79,29,69,39,49,19,10,0,高速,短,15,20,,編集
093b,黒潮改,駆逐艦,32,49,89,49,79,49,59,39,12,0,高速,短,15,20,Lv99,編集
094a,祥鳳,軽空母,32,39,49,19,0,29,0,69,10,30,高速,短,35,35,Lv99,編集
094b,祥鳳改,軽空母,45,59,59,29,0,39,0,79,12,48,高速,短,40,40,Lv99,編集
95,千歳改,水上機母艦,41,39,44,29,29,29,0,69,10,24,高速,短,35,40,Lv99,編集
96,千代田改,水上機母艦,41,39,44,29,29,29,0,69,10,24,高速,短,35,40,Lv99,編集
97,大井改,重雷装巡洋艦,32,39,77,39,99,39,59,39,10,0,高速,中,25,50,Lv99,編集
98,北上改,重雷装巡洋艦,32,39,77,39,99,39,59,39,15,0,高速,中,25,50,Lv99,編集
99,千歳甲,水上機母艦,42,39,49,31,73,42,0,69,10,24,高速,短,35,45,Lv99,編集
100,千代田甲,水上機母艦,42,39,49,31,73,42,0,69,10,24,高速,短,35,45,Lv99,編集
No.▲▼,艦名,艦種,耐久,装甲,回避,火力,雷装,対空,対潜,索敵,運,搭載,速力,射程,燃料,弾薬,備考,編集
101,最上改,航空巡洋艦,50,71,69,75,69,64,0,59,10,27,高速,中,50,55,Lv99,編集
102,伊勢改,航空戦艦,77,92,77,86,0,92,0,60,30,47,低速,長,95,105,Lv99,編集
103,日向改,航空戦艦,77,92,77,86,0,92,0,60,30,47,低速,長,95,105,Lv99,編集
104a,千歳航,軽空母,47,39,67,19,0,49,0,69,10,36,高速,短,40,40,Lv99,編集
104b,千歳航改,軽空母,57,64,69,34,0,69,0,79,12,56,高速,短,45,40,Lv99,編集
105a,千代田航,軽空母,47,39,67,19,0,49,0,69,10,36,高速,短,40,40,Lv99,編集
105b,千代田航改,軽空母,57,64,69,34,0,69,0,79,12,56,高速,短,45,40,Lv99,編集
106a,翔鶴,正規空母,62,49,59,39,0,69,0,69,10,75,高速,短,55,55,Lv99,編集
106b,翔鶴改,正規空母,75,72,79,39,0,79,0,89,12,84,高速,短,65,70,Lv99,編集
107,瑞鶴,正規空母,62,49,69,39,0,69,0,69,40,75,高速,短,55,55,Lv99,編集
108,瑞鶴改,正規空母,75,72,79,39,0,79,0,89,42,84,高速,短,65,70,Lv99,編集
109a,鬼怒,軽巡洋艦,26,29,69,39,79,49,59,39,12,2,高速,中,25,25,,編集
109b,鬼怒改,軽巡洋艦,41,59,79,59,79,59,79,49,12,3,高速,中,25,35,Lv99,編集
110a,阿武隈,軽巡洋艦,27,29,69,39,79,49,59,39,12,2,高速,中,25,25,,編集
110b,阿武隈改,軽巡洋艦,42,59,79,59,79,59,79,49,12,3,高速,中,25,35,Lv99,編集
111a,夕張,軽巡洋艦,19,29,69,42,69,42,39,39,12,0,高速,中,20,30,,編集
111b,夕張改,軽巡洋艦,36,49,69,63,79,69,69,44,17,0,高速,中,25,40,Lv99,編集
112,瑞鳳,軽空母,32,39,49,19,0,29,0,69,30,30,高速,短,35,35,Lv99,編集
113,瑞鳳改,軽空母,45,59,59,29,0,39,0,79,40,48,高速,短,40,40,Lv99,編集
114,大井改二,重雷装巡洋艦,43,63,83,63,139,49,79,43,13,0,高速,中,25,75,Lv99 2014/2/26メンテ後,編集
115,北上改二,重雷装巡洋艦,43,63,83,63,139,49,79,43,30,0,高速,中,25,75,Lv99 2014/2/26メンテ後,編集
116,三隈,重巡洋艦,40,59,62,59,69,59,0,39,5,6,高速,中,40,65,,編集
117,三隈改,航空巡洋艦,50,71,69,77,69,61,0,61,10,26,高速,中,50,55,,編集
118a,初風,駆逐艦,16,19,79,29,69,39,49,19,10,0,高速,短,15,20,,編集
118b,初風改,駆逐艦,32,49,89,49,79,49,64,39,12,0,高速,短,15,20,,編集
119a,舞風,駆逐艦,16,19,79,29,69,39,49,19,10,0,高速,短,15,20,,編集
119b,舞風改,駆逐艦,32,49,89,49,79,49,72,39,12,0,高速,短,15,20,,編集
120a,衣笠,重巡洋艦,37,37,69,54,59,59,0,39,20,6,高速,中,35,50,Lv99,編集
120b,衣笠改,重巡洋艦,49,64,75,66,59,59,0,49,10,8,高速,中,35,60,Lv99,編集
No.▲▼,艦名,艦種,耐久,装甲,回避,火力,雷装,対空,対潜,索敵,運,搭載,速力,射程,燃料,弾薬,備考,編集
121,千歳航改二,軽空母,58,65,69,34,0,72,0,79,13,59,高速,短,45,40,Lv99,編集
122,千代田航改二,軽空母,58,65,69,34,0,72,0,79,13,59,高速,短,45,40,LV99,編集
123a,伊19,潜水艦,14,18,36,9,79,0,0,39,12,0,低速,短,10,20,Lv99,編集
123b,伊19改,潜水空母,18,19,49,12,89,0,0,39,13,2,低速,短,10,25,LV99,編集
124,鈴谷,重巡洋艦,40,59,62,59,69,59,0,39,5,6,高速,中,40,65,Lv99,編集
125,熊野,重巡洋艦,40,59,62,59,69,59,0,39,5,6,高速,中,40,65,Lv99,編集
126a,伊168,潜水艦,10,17,39,7,59,0,0,29,10,0,低速,短,10,20,Lv99,編集
126b,伊168改,潜水艦,15,18,49,11,69,0,0,29,10,0,低速,短,10,20,Lv99,編集
127a,伊58,潜水艦,14,19,36,9,69,0,0,39,40,0,低速,短,10,20,Lv99,編集
127b,伊58改,潜水空母,18,19,49,12,84,0,0,39,50,2,低速,短,10,25,LV99,編集
128a,伊8,潜水艦,15,19,37,9,69,0,0,39,20,0,低速,短,10,20,Lv99,編集
128b,伊8改,潜水空母,19,19,49,14,84,0,0,39,25,2,低速,短,10,25,Lv99,編集
129,鈴谷改,航空巡洋艦,50,72,69,75,69,59,0,59,10,22,高速,中,50,55,Lv99,編集
130,熊野改,航空巡洋艦,50,72,69,75,69,59,0,59,10,22,高速,中,50,55,Lv99,編集
131,大和,戦艦,93,108,59,129,0,94,0,39,12,28,低速,超長,250,300,Lv99,編集
132a,秋雲,駆逐艦,16,19,79,29,69,39,49,19,14,0,高速,短,15,20,,編集
132b,秋雲改,駆逐艦,32,49,89,44,79,59,64,39,15,0,高速,短,15,20,Lv99,編集
133a,夕雲,駆逐艦,16,19,80,30,69,39,52,19,12,0,高速,短,15,20,Lv99,編集
133b,夕雲改,駆逐艦,32,49,90,50,80,50,67,42,12,0,高速,短,15,20,LV99,編集
134a,巻雲,駆逐艦,16,19,80,30,69,39,52,19,11,0,高速,短,15,20,,編集
134b,巻雲改,駆逐艦,32,49,90,50,80,50,67,42,12,0,高速,短,15,20,LV99,編集
135a,長波,駆逐艦,16,19,80,30,69,39,52,19,13,0,高速,短,15,20,,編集
135b,長波改,駆逐艦,32,49,90,50,80,50,67,42,14,0,高速,短,15,20,,編集
136,大和改,戦艦,96,118,64,142,0,104,0,39,13,29,低速,超長,250,325,,編集
137a,阿賀野,軽巡洋艦,30,32,72,42,72,60,70,45,10,6,高速,中,30,35,2014/2/26メンテ後,編集
137b,阿賀野改,軽巡洋艦,45,69,80,68,79,73,82,59,10,6,高速,中,30,40,2020/11/13メンテ後,編集
138a,能代,軽巡洋艦,30,32,72,42,72,60,70,45,10,6,高速,中,30,35,2014/2/26メンテ後,編集
138b,能代改,軽巡洋艦,45,69,80,70,79,72,82,59,10,6,高速,中,30,40,2020/11/13メンテ後,編集
139a,矢矧,軽巡洋艦,31,33,72,42,72,63,70,45,13,6,高速,中,30,35,2014/2/26メンテ後,編集
139b,矢矧改,軽巡洋艦,47,69,84,72,79,74,82,59,14,6,高速,中,30,40,Lv99 2020/11/13メンテ後,編集
140a,酒匂,軽巡洋艦,31,32,72,41,71,62,72,45,20,6,高速,中,30,35,,編集
140b,酒匂改,軽巡洋艦,46,69,81,67,78,74,85,59,30,6,高速,中,30,40,,編集
No.▲▼,艦名,艦種,耐久,装甲,回避,火力,雷装,対空,対潜,索敵,運,搭載,速力,射程,燃料,弾薬,備考,編集
141,五十鈴改二,軽巡洋艦,44,69,80,62,79,85,94,59,13,0,高速,短,25,30,,編集
142,衣笠改二,重巡洋艦,53,73,79,78,78,66,0,58,13,8,高速,中,35,65,,編集
143,武蔵,戦艦,94,108,59,129,0,94,0,40,10,28,低速,超長,250,300,LV99,編集
144,夕立改二,駆逐艦,31,52,89,73,93,59,69,49,20,0,高速,短,15,20,LV99,編集
145,時雨改二,駆逐艦,31,52,93,61,89,72,80,48,50,0,高速,短,15,20,,編集
146,木曾改二,重雷装巡洋艦,44,65,85,65,111,72,82,49,13,0,高速,中,25,50,Lv99,編集
147,Верный,駆逐艦,37,58,89,58,89,65,77,44,20,0,高速,短,15,25,Lv99,編集
148,武蔵改,戦艦,97,119,63,139,0,99,0,40,9,28,低速,超長,250,325,Lv99,編集
149,金剛改二,戦艦,82,94,73,98,0,87,0,49,15,12,高速,長,100,125,LV99,編集
150,比叡改二,戦艦,83,95,72,99,0,82,0,52,13,12,高速,長,100,125,Lv99,編集
151,榛名改二,戦艦,81,93,74,96,0,92,0,49,41,12,高速,長,100,125,Lv99,編集
152,霧島改二,戦艦,82,92,72,104,0,82,0,49,14,12,高速,長,100,125,Lv99,編集
153,大鳳,装甲空母,67,79,57,49,0,79,0,74,2,61,高速,短,70,65,LV99,編集
154a,香取,練習巡洋艦,36,27,49,28,28,42,42,38,10,3,低速,中,30,15,,編集
154b,香取改,練習巡洋艦,40,39,52,36,40,48,62,48,12,8,低速,中,35,20,,編集
155a,伊401,潜水空母,20,24,35,9,72,0,0,45,20,3,低速,短,20,15,Lv99,編集
155b,伊401改,潜水空母,24,24,44,19,80,0,0,45,20,6,低速,短,25,30,Lv99,編集
156,大鳳改,装甲空母,70,84,59,59,0,86,0,77,4,86,高速,短,90,75,Lv99,編集
157,龍驤改二,軽空母,50,62,69,40,0,48,0,79,15,55,高速,短,40,45,,編集
158,川内改二,軽巡洋艦,49,69,84,68,89,70,74,55,14,3,高速,中,25,35,,編集
159,神通改二,軽巡洋艦,51,69,80,73,98,68,80,54,13,3,高速,中,25,35,,編集
160,那珂改二,軽巡洋艦,48,68,82,69,84,75,85,54,13,3,高速,中,25,35,,編集
No.▲▼,艦名,艦種,耐久,装甲,回避,火力,雷装,対空,対潜,索敵,運,搭載,速力,射程,燃料,弾薬,備考,編集
161,あきつ丸,揚陸艦,38,33,39,19,0,29,0,13,10,0,低速,短,40,10,Lv99,編集
162,神威,補給艦,36,18,27,18,0,24,0,15,17,0,低速,中,30,10,,編集
163a,まるゆ,潜水艦,6,9,19,3,9,0,0,9,7,0,低速,短,10,5,Lv99,編集
163b,まるゆ改,潜水艦,7,11,29,5,19,0,0,19,7,0,低速,短,10,10,Lv99,編集
164a,弥生,駆逐艦,13,18,69,29,49,29,39,17,10,0,高速,短,15,15,Lv99,編集
164b,弥生改,駆逐艦,24,39,89,39,69,39,59,39,12,0,高速,短,15,15,Lv99,編集
165a,卯月,駆逐艦,13,18,69,29,49,29,39,17,10,0,高速,短,15,15,Lv99,編集
165b,卯月改,駆逐艦,24,39,89,34,69,49,65,39,14,0,高速,短,15,15,Lv99,編集
166,あきつ丸改,揚陸艦,40,43,49,33,0,37,0,59,13,24,低速,短,45,25,Lv99,編集
167a,磯風,駆逐艦,16,19,79,29,69,44,49,19,16,0,高速,短,15,20,,編集
167b,磯風改,駆逐艦,33,49,88,48,79,64,68,49,18,0,高速,短,15,20,,編集
168a,浦風,駆逐艦,16,19,79,29,69,40,49,19,13,0,高速,短,15,20,,編集
168b,浦風改,駆逐艦,32,49,88,48,79,49,69,39,13,0,高速,短,15,20,Lv99,編集
169a,谷風,駆逐艦,16,19,79,29,69,40,49,19,14,0,高速,短,15,20,,編集
169b,谷風改,駆逐艦,32,49,88,48,79,49,69,39,16,0,高速,短,15,20,,編集
170a,浜風,駆逐艦,16,19,79,29,69,42,49,19,15,0,高速,短,15,20,,編集
170b,浜風改,駆逐艦,32,49,88,48,79,60,68,39,17,0,高速,短,15,20,,編集
171,Bismarck,戦艦,90,83,63,88,0,48,0,42,8,16,高速,長,90,110,Lv99,編集
172,Bismarck改,戦艦,94,93,69,93,0,58,0,52,10,16,高速,長,95,115,Lv99,編集
173,Bismarck zwei,戦艦,96,94,72,97,0,62,0,54,20,16,高速,長,105,135,2014/06/20メンテ後,編集
174a,Z1,駆逐艦,18,22,76,26,60,42,64,24,6,0,高速,短,20,20,,編集
174b,Z1改,駆逐艦,33,45,79,45,70,45,69,42,12,0,高速,短,20,25,,編集
175a,Z3,駆逐艦,18,22,76,26,60,42,64,24,6,0,高速,短,20,20,,編集
175b,Z3改,駆逐艦,33,45,79,45,70,45,69,42,12,0,高速,短,20,25,,編集
176,Prinz Eugen,重巡洋艦,50,64,68,56,64,44,0,40,30,9,高速,中,50,70,,編集
177,Prinz Eugen改,重巡洋艦,63,82,74,75,84,60,0,50,40,12,高速,中,55,75,,編集
178,Bismarck drei,戦艦,96,95,74,99,36,70,0,59,22,16,高速,長,110,155,,編集
179,Z1 zwei,駆逐艦,35,53,84,49,71,64,69,43,15,0,高速,短,20,25,,編集
180,Z3 zwei,駆逐艦,35,53,84,47,71,68,69,43,15,0,高速,短,20,25,,編集
No.▲▼,艦名,艦種,耐久,装甲,回避,火力,雷装,対空,対潜,索敵,運,搭載,速力,射程,燃料,弾薬,備考,編集
181a,天津風,駆逐艦,18,25,89,29,79,53,54,19,18,0,高速,短,20,20,,編集
181b,天津風改,駆逐艦,34,61,94,49,84,63,59,39,17,0,高速,短,20,20,,編集
182,明石,工作艦,39,19,29,14,0,24,0,5,10,0,低速,短,50,10,Lv99,編集
183a,大淀,軽巡洋艦,34,34,70,48,39,62,39,80,24,12,高速,中,35,30,,編集
183b,大淀改,軽巡洋艦,47,68,78,70,49,74,39,84,30,12,高速,中,35,35,,編集
184,大鯨,潜水母艦,39,37,39,15,0,36,0,48,20,8,低速,短,35,10,,編集
185,龍鳳,軽空母,39,38,49,20,0,48,0,64,20,31,低速,短,35,35,,編集
186a,時津風,駆逐艦,16,19,9,29,69,40,49,19,13,0,高速,短,15,20,,編集
186b,時津風改,駆逐艦,32,49,88,48,79,49,64,39,12,0,高速,短,15,20,,編集
187,明石改,工作艦,45,27,39,24,0,36,0,6,12,0,低速,短,55,15,Lv99,編集
188,利根改二,航空巡洋艦,59,79,82,77,82,84,0,92,15,18,高速,中,50,65,,編集
189,筑摩改二,航空巡洋艦,58,79,80,77,83,85,0,93,14,18,高速,中,50,65,,編集
190,龍鳳改,軽空母,48,57,62,32,0,62,0,74,24,45,低速,短,35,40,,編集
191,妙高改二,重巡洋艦,56,79,87,81,88,80,0,61,32,12,高速,中,45,75,,編集
192,那智改二,重巡洋艦,56,78,83,81,85,83,0,63,18,12,高速,中,45,75,,編集
193,足柄改二,重巡洋艦,56,79,85,84,84,77,0,57,20,12,高速,中,45,75,,編集
194,羽黒改二,重巡洋艦,57,78,86,84,84,76,0,58,19,12,高速,中,45,75,,編集
195,綾波改二,駆逐艦,32,54,90,74,88,52,63,49,40,0,高速,短,15,20,,編集
196,飛龍改二,正規空母,67,76,86,67,0,82,0,89,50,81,高速,短,70,75,,編集
197,蒼龍改二,正規空母,67,75,74,63,0,84,0,93,15,81,高速,短,70,75,,編集
198,霰改二,駆逐艦,31,53,91,66,87,63,81,53,15,0,高速,短,15,20,,編集
199,大潮改二,駆逐艦,31,51,90,67,90,62,64,54,17,0,高速,短,15,20,,編集
200,阿武隈改二,軽巡洋艦,45,68,83,56,94,78,82,60,20,3,高速,短,25,35,,編集
No.▲▼,艦名,艦種,耐久,装甲,回避,火力,雷装,対空,対潜,索敵,運,搭載,速力,射程,燃料,弾薬,備考,編集
201,雲龍,正規空母,48,52,59,27,0,72,0,72,10,51,高速,短,50,45,,編集
202,天城,正規空母,48,51,59,25,0,72,0,74,13,51,高速,短,50,45,,編集
203,葛城,正規空母,48,52,59,25,0,72,0,70,20,51,高速,短,50,45,,編集
204,初春改二,駆逐艦,31,51,90,55,90,73,69,45,16,0,高速,短,15,20,,編集
205a,春雨,駆逐艦,16,19,79,29,69,39,49,19,10,0,高速,短,15,20,,編集
205b,春雨改,駆逐艦,30,49,89,49,79,49,59,39,12,0,高速,短,15,20,,編集
206,雲龍改,正規空母,60,77,72,48,0,78,0,82,12,69,高速,短,50,55,,編集
207,潮改二,駆逐艦,33,58,95,59,83,79,75,48,32,0,高速,短,15,20,2020\9\17メンテ後,編集
208,隼鷹改二,軽空母,55,62,84,40,0,74,0,79,41,66,低速,短,45,50,,編集
209a,早霜,駆逐艦,16,19,80,30,69,39,52,19,11,0,高速,短,15,20,,編集
209b,早霜改,駆逐艦,32,49,90,50,80,50,67,42,12,0,高速,短,15,20,,編集
210a,清霜,駆逐艦,16,19,80,30,69,39,52,19,12,0,高速,短,15,20,,編集
210b,清霜改,駆逐艦,32,49,90,50,80,50,67,42,13,0,高速,短,15,20,,編集
211,扶桑改二,航空戦艦,77,90,69,99,0,88,28,59,13,40,低速,長,105,140,,編集
212,山城改二,航空戦艦,77,91,69,98,0,87,29,59,14,40,低速,長,105,140,,編集
213a,朝雲,駆逐艦,16,19,79,29,69,39,49,19,8,0,高速,短,15,20,,編集
213b,朝雲改,駆逐艦,31,49,89,49,79,49,59,39,12,0,高速,短,15,20,,編集
214a,山雲,駆逐艦,16,19,79,29,69,39,50,19,7,0,高速,短,15,20,,編集
214b,山雲改,駆逐艦,31,48,89,49,79,49,64,39,11,0,高速,短,15,20,,編集
215a,野分,駆逐艦,16,19,79,29,69,44,49,19,14,0,高速,短,15,20,,編集
215b,野分改,駆逐艦,32,49,88,48,79,49,68,39,13,0,高速,短,15,20,,編集
216,古鷹改二,重巡洋艦,53,72,77,77,75,64,0,54,14,8,高速,中,35,65,2015/6/12メンテ後,編集
217,加古改二,重巡洋艦,52,72,76,78,77,65,0,55,12,8,高速,中,35,65,,編集
218,皐月改二,駆逐艦,28,45,96,42,78,82,81,45,20,0,高速,短,15,15,,編集
219,初霜改二,駆逐艦,32,55,94,59,85,81,72,48,53,0,高速,短,15,20,2018/3/23メンテ後,編集
220,叢雲改二,駆逐艦,31,51,90,57,89,74,69,42,15,0,高速,短,15,20,,編集
No.▲▼,艦名,艦種,耐久,装甲,回避,火力,雷装,対空,対潜,索敵,運,搭載,速力,射程,燃料,弾薬,備考,編集
221a,秋月,駆逐艦,20,27,84,48,48,104,63,29,10,0,高速,短,20,25,,編集
221b,秋月改,駆逐艦,37,53,88,57,54,116,72,49,12,0,高速,短,20,25,,編集
222a,照月,駆逐艦,20,26,83,49,49,103,63,29,9,0,高速,短,20,25,,編集
222b,照月改,駆逐艦,37,52,87,58,56,114,72,49,11,0,高速,短,20,25,,編集
223a,初月,駆逐艦,20,28,85,50,47,101,62,28,7,0,高速,短,20,25,,編集
223b,初月改,駆逐艦,37,54,89,60,54,110,72,49,8,0,高速,短,20,25,,編集
224a,高波,駆逐艦,16,19,80,30,69,39,52,24,8,0,高速,短,15,20,,編集
224b,高波改,駆逐艦,32,49,90,51,80,50,67,54,10,0,高速,短,15,20,2018/4/6メンテ後,編集
225a,朝霜,駆逐艦,16,19,80,29,68,44,64,19,16,0,高速,短,15,20,,編集
225b,朝霜改,駆逐艦,33,51,92,50,78,62,79,43,18,0,高速,短,15,20,2018/4/6メンテ後,編集
226,吹雪改二,駆逐艦,31,51,92,59,88,78,68,54,18,0,高速,短,15,20,,編集
227,鳥海改二,重巡洋艦,57,78,80,86,86,70,0,62,19,12,高速,中,45,80,,編集
228,摩耶改二,重巡洋艦,57,78,81,77,84,106,0,55,14,12,高速,中,45,80,,編集
229,天城改,正規空母,60,76,73,45,0,79,0,80,17,69,高速,短,50,55,,編集
230,葛城改,正規空母,60,78,75,45,0,78,0,78,30,69,高速,短,50,55,,編集
231a,U-511,潜水艦,8,16,44,8,58,0,0,28,30,0,低速,短,10,20,,編集
231b,U-511改,潜水艦,13,20,59,12,64,0,0,29,34,0,低速,短,10,20,,編集
232,Graf Zeppelin,正規空母,70,57,49,40,0,70,0,69,4,43,高速,中,55,65,,編集
232b,Graf Zeppelin改,正規空母,78,81,69,52,0,80,0,75,7,56,高速,中,70,80,,編集
233,Saratoga,正規空母,83,63,42,45,0,73,0,68,25,80,高速,中,65,70,Lv99,編集
234,睦月改二,駆逐艦,27,43,90,45,79,56,69,43,14,0,高速,短,15,15,,編集
235,如月改二,駆逐艦,27,43,91,46,80,57,69,44,13,0,高速,短,15,15,,編集
236,呂500,潜水艦,13,21,68,13,69,0,0,34,44,0,低速,短,10,20,LV99,編集
237,暁改二,駆逐艦,31,50,89,62,90,59,66,60,15,0,高速,短,15,20,,編集
238,Saratoga改,正規空母,88,83,53,53,0,93,0,80,35,90,高速,短,85,90,,編集
239a,Warspite,戦艦,72,91,54,92,0,88,0,48,55,12,低速,長,90,110,,編集
239b,Warspite改,戦艦,82,93,67,107,0,98,0,60,70,12,低速,長,90,110,,編集
240a,Iowa,戦艦,84,95,67,105,0,96,0,64,35,16,高速,長,200,250,,編集
240b,Iowa改,戦艦,92,107,70,116,0,120,0,71,40,16,高速,長,200,275,,編集
No.▲▼,艦名,艦種,耐久,装甲,回避,火力,雷装,対空,対潜,索敵,運,搭載,速力,射程,燃料,弾薬,備考,編集
241,Littorio,戦艦,88,86,54,97,0,72,0,44,20,12,高速,超長,130,150,LV99,編集
242,Roma,戦艦,88,85,52,98,0,74,0,46,6,12,高速,超長,130,150,,編集
243a,Libeccio,駆逐艦,15,18,82,27,58,41,60,20,12,0,高速,短,15,20,,編集
243b,Libeccio改,駆逐艦,29,50,92,48,72,59,80,46,16,0,高速,短,15,20,,編集
244a,Aquila,正規空母,38,38,58,14,0,48,0,52,5,51,高速,短,40,45,,編集
244b,Aquila改,正規空母,48,58,73,31,0,72,0,72,7,66,高速,短,45,55,,編集
245,秋津洲,水上機母艦,32,25,57,18,0,36,0,42,12,2,低速,短,50,10,,編集
246,Italia,戦艦,92,92,76,102,0,90,0,52,30,12,高速,超長,140,170,,編集
247,Roma改,戦艦,92,90,71,105,0,94,0,52,8,12,高速,超長,140,170,,編集
248a,Zara,重巡洋艦,42,54,59,58,28,62,0,36,10,6,高速,長,45,60,,編集
248b,Zara改,重巡洋艦,56,78,72,75,40,72,0,46,12,8,高速,長,45,65,,編集
249a,Pola,重巡洋艦,42,53,58,59,32,64,0,35,9,6,高速,長,45,60,,編集
249b,Pola改,重巡洋艦,56,77,71,77,44,73,0,47,11,8,高速,長,45,65,,編集
250,秋津洲改,水上機母艦,36,42,64,28,0,44,0,54,14,3,低速,短,60,15,,編集
251a,瑞穂,水上機母艦,41,42,37,36,32,32,0,74,8,24,低速,短,35,35,,編集
251b,瑞穂改,水上機母艦,42,48,42,45,72,44,0,94,10,32,低速,短,40,45,,編集
252a,沖波,駆逐艦,16,19,80,30,69,38,53,21,10,0,高速,短,15,20,,編集
252b,沖波改,駆逐艦,32,49,90,50,81,50,70,42,12,0,高速,短,15,20,,編集
253a,風雲,駆逐艦,16,19,80,30,70,40,52,19,13,0,高速,短,15,20,,編集
253b,風雲改,駆逐艦,32,49,90,50,81,51,69,42,14,0,高速,短,15,20,,編集
254,嵐,駆逐艦,16,19,79,29,69,39,62,19,11,0,高速,短,15,20,,編集
254b,嵐改,駆逐艦,32,49,87,49,79,49,70,39,12,0,高速,短,15,20,,編集
255,萩風,駆逐艦,16,19,79,30,69,39,59,19,11,0,高速,短,15,20,,編集
255b,萩風改,駆逐艦,32,49,87,50,79,49,68,39,12,0,高速,短,15,20,,編集
256a,親潮,駆逐艦,16,19,79,30,68,37,47,19,13,0,高速,短,15,20,,編集
256b,親潮改,駆逐艦,32,49,87,50,78,48,67,40,14,0,高速,短,15,20,,編集
257,山風,駆逐艦,16,19,77,31,69,38,42,18,6,0,高速,短,15,20,,編集
257b,山風改,駆逐艦,30,48,88,51,82,49,73,42,8,0,高速,短,15,20,,編集
258a,海風,駆逐艦,16,19,79,29,69,40,50,19,10,0,高速,短,15,20,,編集
258b,海風改,駆逐艦,30,49,89,49,79,50,63,40,13,0,高速,短,15,20,,編集
259a,江風,駆逐艦,16,19,79,29,70,39,49,19,10,0,高速,短,15,20,,編集
259b,江風改,駆逐艦,30,49,89,49,80,49,59,40,12,0,高速,短,15,20,,編集
260a,速吸,補給艦,43,15,28,22,0,32,20,40,7,7,低速,短,100,15,,編集
260b,速吸改,補給艦,48,19,33,36,0,48,36,59,8,10,低速,短,120,20,,編集
No.▲▼,艦名,艦種,耐久,装甲,回避,火力,雷装,対空,対潜,索敵,運,搭載,速力,射程,燃料,弾薬,備考,編集
261,翔鶴改二,正規空母,77,77,84,63,0,88,0,93,20,93,高速,中,90,85,,編集
262,瑞鶴改二,正規空母,78,78,89,56,0,90,0,92,50,93,高速,中,90,85,,編集
263,朝潮改二,駆逐艦,31,52,90,68,92,60,59,57,17,0,高速,短,15,20,2018/4/6メンテ後,編集
264,霞改二,駆逐艦,31,52,90,65,92,72,68,54,37,0,高速,短,15,20,2018/4/6メンテ後,編集
265,鹿島,練習巡洋艦,36,27,51,27,24,46,43,36,20,3,低速,中,30,15,,編集
265b,鹿島改,練習巡洋艦,40,39,54,37,39,62,69,50,20,8,低速,中,35,20,,編集
266,翔鶴改二甲,装甲空母,78,83,81,70,0,88,0,90,20,76,高速,中,100,85,,編集
267,瑞鶴改二甲,装甲空母,79,84,85,65,0,90,0,90,50,76,高速,中,100,85,,編集
268,朝潮改二丁,駆逐艦,34,55,88,55,86,75,89,55,17,0,高速,短,15,20,2018/4/6メンテ後,編集
269,江風改二,駆逐艦,31,51,89,62,96,64,63,53,19,0,高速,短,15,20,,編集
270,霞改二乙,駆逐艦,31,52,92,60,83,82,68,56,37,0,高速,短,15,20,2018/4/6メンテ後,編集
271,神風,駆逐艦,12,17,80,28,36,26,60,18,30,0,高速,短,15,15,,編集
272,朝風,駆逐艦,12,17,72,29,37,27,55,19,13,0,高速,短,15,15,,編集
272b,朝風改,駆逐艦,23,37,88,42,69,52,68,47,14,0,高速,短,15,15,,編集
273a,春風,駆逐艦,12,17,74,27,36,28,56,17,25,0,高速,短,15,15,,編集
273b,春風改,駆逐艦,23,38,90,38,68,56,75,46,30,0,高速,短,15,15,,編集
274,松風,駆逐艦,12,17,73,28,38,25,62,18,12,0,高速,短,15,15,,編集
274b,松風改,駆逐艦,23,37,87,39,68,50,70,47,12,0,高速,短,15,15,,編集
275,旗風,駆逐艦,12,17,75,29,36,24,56,17,17,0,高速,短,15,15,,編集
275b,旗風改,駆逐艦,23,37,89,40,68,51,70,46,18,0,高速,短,15,15,,編集
276,神風改,駆逐艦,23,39,98,41,69,48,77,42,40,0,高速,短,15,15,,編集
277,天龍改二,軽巡洋艦,42,63,82,64,78,89,70,53,17,3,高速,短,25,25,,編集
278,龍田改二,軽巡洋艦,42,63,84,50,80,80,82,52,18,3,高速,短,25,25,,編集
279,天霧,駆逐艦,15,20,80,30,70,39,49,20,11,0,高速,短,15,20,,編集
279b,天霧改,駆逐艦,30,49,90,52,80,50,59,39,17,0,高速,短,15,20,,編集
280,狭霧,駆逐艦,15,19,79,29,69,39,49,19,6,0,高速,短,15,20,,編集
280b,狭霧改,駆逐艦,30,49,88,50,82,49,59,41,7,0,高速,短,15,20,,編集
No.▲▼,艦名,艦種,耐久,装甲,回避,火力,雷装,対空,対潜,索敵,運,搭載,速力,射程,燃料,弾薬,備考,編集
281a,水無月,駆逐艦,13,18,69,29,49,29,41,17,13,0,高速,短,15,15,,編集
281b,水無月改,駆逐艦,24,39,89,39,69,39,61,39,16,0,高速,短,15,15,,編集
282,,,,,,,,,,,,,,,,,,編集
283a,伊26,潜水艦,14,18,37,9,75,0,0,39,14,0,低速,短,10,20,,編集
283b,伊26改,潜水空母,18,19,52,12,86,0,0,41,16,2,低速,短,10,25,,編集
284,浜波,駆逐艦,16,19,80,31,68,43,52,24,10,0,高速,短,15,20,,編集
284b,浜波改,駆逐艦,32,49,90,52,78,59,65,56,12,0,高速,短,15,20,,編集
285,藤波,駆逐艦,16,19,79,31,69,42,53,24,9,0,高速,短,15,20,,編集
285b,藤波改,駆逐艦,32,49,89,52,79,60,66,56,11,0,高速,短,15,20,,編集
286a,浦波,駆逐艦,15,19,84,29,69,39,49,19,14,0,高速,短,15,20,,編集
286b,浦波改,駆逐艦,30,49,93,49,79,54,59,43,17,0,高速,短,15,20,,編集
287,鬼怒改二,軽巡洋艦,45,68,82,58,84,86,87,60,17,3,高速,短,25,30,2021/1/13メンテ後,編集
288,由良改二,軽巡洋艦,45,67,84,57,83,88,83,64,16,4,高速,短,25,30,,編集
289,満潮改二,駆逐艦,31,54,90,68,89,64,60,53,18,0,高速,短,15,20,,編集
290,荒潮改二,駆逐艦,31,52,90,69,88,70,59,52,17,0,高速,短,15,20,,編集
291,Commandant Teste,水上機母艦,42,50,43,48,0,40,0,70,17,26,低速,短,35,40,,編集
291b,Commandant Teste改,水上機母艦,43,56,44,58,0,48,0,88,20,38,低速,短,40,50,,編集
292,Richelieu,戦艦,85,90,67,94,0,70,0,50,22,12,高速,長,100,125,,編集
292b,Richelieu改,戦艦,89,96,73,96,0,78,0,54,24,12,高速,長,100,130,,編集
293,伊400,潜水空母,20,24,34,10,73,0,0,46,19,3,低速,短,20,15,,編集
293b,伊400改,潜水空母,24,24,43,20,82,0,0,46,19,6,低速,短,25,30,,編集
294,伊13,潜水空母,18,22,36,9,68,0,0,43,6,2,低速,短,15,15,3スロット,編集
294b,伊13改,潜水空母,21,22,47,16,72,0,0,43,8,3,低速,短,25,25,3スロット,編集
295,伊14,潜水空母,18,22,39,9,66,0,0,44,24,2,低速,短,15,15,3スロット,編集
295b,伊14改,潜水空母,22,23,53,12,68,0,0,44,24,3,低速,短,25,25,3スロット,編集
296,Zara due,重巡洋艦,62,88,73,87,48,90,0,64,17,15,高速,長,50,80,,編集
297,白露改二,駆逐艦,31,50,91,69,87,71,83,50,16,0,高速,短,15,20,,編集
298,村雨改二,駆逐艦,31,51,90,68,88,70,77,47,17,0,高速,短,15,20,,編集
299,神威改,水上機母艦,37,29,27,22,0,28,0,48,19,22,低速,中,30,15,,編集
300,神威改母,補給艦,39,33,38,25,0,34,30,54,20,3,低速,中,30,20,,編集
No.▲▼,艦名,艦種,耐久,装甲,回避,火力,雷装,対空,対潜,索敵,運,搭載,速力,射程,燃料,弾薬,備考,編集
301,最上改二,航空巡洋艦,60,77,83,76,88,86,0,86,18,24,高速,中,55,60,,編集
302,,,,,,,,,,,,,,,,,,編集
303,鈴谷改二,航空巡洋艦,61,74,82,76,88,85,0,83,14,24,高速,中,55,60,,編集
304,熊野改二,航空巡洋艦,62,75,81,76,87,84,0,81,13,24,高速,中,55,60,,編集
305,,,,,,,,,,,,,,,,,,編集
306,最上改二特,航空巡洋艦,61,78,81,81,90,86,0,80,18,14,高速,中,55,70,,編集
307,,,,,,,,,,,,,,,,,,編集
308,鈴谷航改二,軽空母,61,74,83,56,0,87,0,85,13,50,高速,中,60,55,,編集
309,熊野航改二,軽空母,62,75,82,55,0,86,0,83,12,50,高速,中,60,55,,編集
310,,,,,,,,,,,,,,,,,,編集
311,Гангут,戦艦,59,73,47,78,28,58,0,30,20,4,低速,長,75,100,,編集
312,Октябрьская революция,戦艦,72,90,66,89,0,65,0,36,30,4,低速,長,80,105,,編集
313,Ташкент,駆逐艦,22,31,90,50,48,52,55,36,40,0,高速,中,15,30,3スロット,編集
313b,Ташкент改,駆逐艦,39,56,94,66,68,69,73,48,43,0,高速,中,15,35,4スロット,編集
314,Sheffield,軽巡洋艦,38,41,65,56,40,70,70,68,17,5,高速,中,35,60,,編集
314b,Sheffield改,軽巡洋艦,52,68,79,74,68,78,77,72,20,6,高速,中,40,65,,編集
315,Ark Royal,正規空母,55,47,57,27,0,72,0,72,8,72,高速,短,55,50,,編集
315b,Ark Royal改,正規空母,71,70,68,51,0,82,0,84,13,80,高速,短,65,60,,編集
316,Гангут два,戦艦,77,95,68,90,32,72,0,38,35,6,低速,長,85,110,,編集
317,占守,海防艦,9,16,83,18,0,24,72,13,40,0,低速,短,10,10,,編集
317b,占守改,海防艦,17,33,92,35,0,53,77,28,50,0,低速,短,10,10,,編集
318,国後,海防艦,9,16,82,19,0,22,70,14,35,0,低速,短,10,10,,編集
318b,国後改,海防艦,17,33,91,36,0,52,75,29,45,0,低速,短,10,10,,編集
319,Jervis,駆逐艦,15,18,79,32,82,44,82,22,50,0,高速,短,15,25,,編集
319b,Jervis改,駆逐艦,31,50,90,52,90,70,92,52,55,0,高速,短,15,25,,編集
320,Janus,駆逐艦,15,18,76,33,82,42,83,20,17,0,高速,短,15,25,,編集
320b,Janus改,駆逐艦,31,50,86,53,90,72,93,52,22,0,高速,短,15,25,,編集
No.▲▼,艦名,艦種,耐久,装甲,回避,火力,雷装,対空,対潜,索敵,運,搭載,速力,射程,燃料,弾薬,備考,編集
321,春日丸,軽空母,36,32,39,9,0,24,0,48,5,23,低速,短,25,25,,編集
322,八幡丸,軽空母,36,32,38,10,0,25,0,47,6,23,低速,短,25,25,,編集
323,,,,,,,,,,,,,,,,,,編集
324,神鷹,軽空母,38,35,37,14,0,30,60,48,9,33,低速,短,30,25,,編集
324b,神鷹改,軽空母,48,53,50,24,0,48,80,60,11,36,低速,短,30,30,,編集
325,Luigi Torelli,潜水艦,11,17,42,10,62,18,0,24,25,0,低速,短,10,20,,編集
325b,Luigi Torelli改,潜水艦,13,18,56,8,32,22,0,28,30,0,低速,短,10,15,,編集
326,大鷹,軽空母,37,34,39,12,0,27,59,52,6,27,低速,短,30,25,,編集
326b,大鷹改,軽空母,47,52,49,23,0,42,79,64,9,36,低速,短,30,30,,編集
327,岸波,駆逐艦,16,19,80,31,68,43,54,24,10,0,高速,短,15,20,,編集
327b,岸波改,駆逐艦,32,49,90,50,80,56,72,44,13,0,高速,短,15,20,,編集
328,早波,駆逐艦,16,19,79,30,68,44,54,23,9,0,高速,短,15,20,,編集
328b,早波改,駆逐艦,32,49,88,51,80,58,69,55,10,0,高速,短,15,20,,編集
329,UIT-25,潜水艦,13,19,62,12,36,25,0,30,35,0,低速,短,10,20,,編集
330,伊504,潜水艦,14,21,64,15,68,28,0,32,40,0,低速,短,10,20,,編集
331,大鷹改二,軽空母,49,55,54,39,0,54,89,68,14,39,低速,中,35,35,,編集
332,涼月,駆逐艦,21,29,83,47,46,102,61,27,27,0,高速,短,20,25,,編集
333,,,,,,,,,,,,,,,,,,編集
334,択捉,海防艦,9,16,83,18,0,27,72,14,37,0,低速,短,10,10,,編集
334b,択捉改,海防艦,17,33,92,37,0,54,79,28,40,0,低速,短,10,10,,編集
335,松輪,海防艦,9,16,81,19,0,28,72,15,7,0,低速,短,10,10,,編集
335b,松輪改,海防艦,17,33,89,38,0,55,79,28,9,0,低速,短,10,10,,編集
336,神鷹改二,軽空母,50,56,53,37,0,58,88,64,15,51,低速,中,35,35,,編集
337,涼月改,駆逐艦,38,55,91,56,52,116,71,48,37,0,高速,短,20,25,,編集
338,,,,,,,,,,,,,,,,,,編集
339,佐渡,海防艦,9,16,81,19,0,29,73,15,7,0,低速,短,10,10,,編集
339b,佐渡改,海防艦,17,33,88,39,0,54,79,29,9,0,低速,短,10,10,,編集
340,対馬,海防艦,9,16,84,17,0,27,72,13,47,0,低速,短,10,10,,編集
340b,対馬改,海防艦,17,34,93,36,0,53,81,28,49,0,低速,短,10,10,,編集
No.▲▼,艦名,艦種,耐久,装甲,回避,火力,雷装,対空,対潜,索敵,運,搭載,速力,射程,燃料,弾薬,備考,編集
341,長門改二,戦艦,91,110,70,118,0,100,0,55,40,15,低速,長,180,225,,編集
342,夕雲改二,駆逐艦,33,53,93,67,87,66,77,45,18,0,高速,短,15,20,,編集
343,長波改二,駆逐艦,33,53,91,69,89,64,68,44,30,0,高速,短,15,20,,編集
344,Gambier Bay,軽空母,28,19,36,15,0,38,60,60,12,28,低速,短,25,30,,編集
344b,Gambier Bay改,軽空母,38,39,46,32,0,48,68,68,15,34,低速,短,25,35,,編集
345,Saratoga Mk.II,正規空母,89,85,60,68,0,94,0,93,40,80,高速,中,90,95,,編集
346,武蔵改二,戦艦,99,125,65,145,0,105,0,58,10,28,低速,超長,275,350,,編集
347,多摩改二,軽巡洋艦,46,69,82,61,91,83,85,61,13,3,高速,短,25,30,2021/1/13メンテ後,編集
348,文月改二,駆逐艦,27,46,93,45,77,82,81,47,17,0,高速,短,15,15,,編集
349,Intrepid,正規空母,65,80,64,55,0,90,0,80,45,96,高速,中,75,80,,編集
349b,Intrepid改,正規空母,69,90,68,58,0,95,0,90,50,112,高速,中,90,105,,編集
350,Saratoga Mk.II Mod.2,装甲空母,89,88,56,58,0,94,0,95,40,93,高速,中,100,100,,編集
351,日振,海防艦,9,17,83,19,0,36,78,15,7,0,低速,短,10,10,,編集
351b,日振改,海防艦,18,34,87,38,0,62,83,29,9,0,低速,短,10,10,,編集
352,大東,海防艦,9,17,81,18,0,36,77,12,33,0,低速,短,10,10,,編集
352b,大東改,海防艦,18,35,90,36,0,61,85,28,37,0,低速,短,10,10,,編集
353,伊勢改二,改装航空戦艦,78,94,82,88,0,85,0,72,40,57,低速,中,110,145,,編集
354,日向改二,改装航空戦艦,78,94,83,86,0,84,85,75,40,57,低速,中,115,140,,編集
355,瑞鳳改二,軽空母,59,71,74,46,0,70,0,80,42,57,高速,中,40,45,,編集
356,浦風丁改,駆逐艦,33,53,88,62,80,76,88,48,18,0,高速,短,15,25,,編集
357,磯風乙改,駆逐艦,34,53,90,63,84,90,70,52,24,0,高速,短,15,25,2020/11/13メンテ後,編集
358,浜風乙改,駆逐艦,33,54,89,60,83,93,72,46,20,0,高速,短,15,25,2020/11/13メンテ後,編集
359,谷風丁改,駆逐艦,33,51,94,59,84,80,86,42,17,0,高速,短,15,25,,編集
360,瑞鳳改二乙,軽空母,59,72,67,48,0,88,48,77,42,50,高速,長,40,45,,編集
No.▲▼,艦名,艦種,耐久,装甲,回避,火力,雷装,対空,対潜,索敵,運,搭載,速力,射程,燃料,弾薬,備考,編集
361,Samuel B.Roberts,駆逐艦,14,17,80,24,38,40,80,20,30,0,低速,短,15,20,,編集
361b,Samuel B.Roberts改,駆逐艦,27,43,88,50,70,60,88,48,40,0,低速,短,15,20,,編集
362,Johnston,駆逐艦,17,20,81,32,60,60,82,32,17,0,高速,短,20,20,,編集
362b,Johnston改,駆逐艦,34,52,89,55,72,90,90,60,40,0,高速,短,20,20,,編集
363,巻雲改二,駆逐艦,33,53,89,64,90,65,72,43,16,0,高速,短,15,20,,編集
364,風雲改二,駆逐艦,33,53,92,66,89,67,78,45,20,0,高速,短,15,20,,編集
365,福江,海防艦,9,16,84,16,0,28,72,13,36,0,低速,短,10,10,,編集
365b,福江改,海防艦,17,34,92,35,0,55,80,27,40,0,低速,短,10,10,,編集
366,陽炎改二,駆逐艦,33,53,90,68,90,62,67,42,20,0,高速,短,15,20,,編集
367,不知火改二,駆逐艦,33,54,90,67,91,64,68,43,24,0,高速,短,15,20,,編集
368,黒潮改二,駆逐艦,33,53,90,69,88,65,70,41,22,0,高速,短,15,20,,編集
369,沖波改二,駆逐艦,33,53,93,65,87,71,79,44,22,0,高速,短,15,20,,編集
370,平戸,海防艦,9,16,82,18,0,28,74,15,11,0,低速,短,10,10,,編集
370b,平戸改,海防艦,17,33,89,37,0,55,81,29,14,0,低速,短,10,10,,編集
371,Nelson,戦艦,82,92,44,102,0,82,0,42,24,5,低速,長,95,145,,編集
372,,,,,,,,,,,,,,,,,,編集
373,陸奥改二,戦艦,91,109,71,118,0,102,0,56,16,15,低速,長,180,225,,編集
374,Gotland,軽(航空)巡洋艦,32,46,68,48,68,58,58,70,20,11,高速,中,30,25,,編集
375,Maestrale,駆逐艦,15,18,82,27,58,41,60,20,14,0,高速,短,15,20,,編集
376,Nelson改,戦艦,93,104,58,114,0,92,0,48,28,6,低速,長,95,175,,編集
377,,,,,,,,,,,,,,,,,,編集
378,朝霜改二,駆逐艦,33,53,94,68,88,72,76,43,28,0,高速,短,15,20,2020/11/13メンテ後,編集
379,Gotland改,軽巡洋艦,43,63,77,62,70,102,62,55,24,4,高速,中,30,30,,編集
380,Maestrale改,駆逐艦,29,50,93,54,72,63,80,46,17,0,高速,短,15,20,,編集
No.▲▼,艦名,艦種,耐久,装甲,回避,火力,雷装,対空,対潜,索敵,運,搭載,速力,射程,燃料,弾薬,備考,編集
381,日進,水上機母艦,45,45,45,46,40,48,0,80,9,28,高速,中,40,40,,編集
381b,日進改,水上機母艦,47,46,58,54,75,62,0,95,10,28,高速,中,40,40,,編集
382,,,,,,,,,,,,,,,,,,編集
383,峯雲,駆逐艦,16,19,78,30,69,40,49,18,6,0,高速,短,15,20,,編集
383b,峯雲改,駆逐艦,31,49,88,51,79,50,58,37,9,0,高速,短,15,20,,編集
384,八丈,海防艦,9,16,83,18,0,24,72,13,40,0,低速,短,10,10,,編集
384b,八丈改,海防艦,17,33,93,35,0,54,76,29,49,0,低速,短,10,10,,編集
385,石垣,海防艦,9,16,82,20,0,22,75,15,9,0,低速,短,10,10,,編集
385b,石垣改,海防艦,17,33,92,37,0,52,79,30,10,0,低速,短,10,10,,編集
386,日進甲,水上機母艦,49,47,63,60,88,65,0,96,10,32,高速,中,40,45,,編集
387,海風改二,駆逐艦,31,51,90,61,93,69,82,51,20,0,高速,短,15,20,,編集
388,山風改二,駆逐艦,30,50,87,60,95,63,86,41,10,0,高速,短,15,20,,編集
389,L.d.S.D.d.Abruzzi,軽巡洋艦,37,51,64,51,66,60,39,41,20,6,高速,中,40,50,,編集
389b,L.d.S.D.d.Abruzzi改,軽巡洋艦,52,75,77,73,70,70,59,49,30,8,高速,中,40,55,,編集
390,G.Garibaldi,軽巡洋艦,37,51,65,50,66,60,40,40,20,6,高速,中,40,50,,編集
390b,G.Garibaldi改,軽巡洋艦,52,75,78,72,70,70,60,48,30,8,高速,中,40,55,,編集
391,金剛改二丙,高速戦艦,86,91,75,99,44,89,0,51,18,13,高速,長,100,160,,編集
392,比叡改二丙,高速戦艦,86,90,73,98,47,85,0,53,15,8,高速,長,100,160,,編集
393,,,,,,,,,,,,,,,,,,編集
394,,,,,,,,,,,,,,,,,,編集
395,Houston,重巡洋艦,43,47,60,52,40,60,0,50,12,6,高速,中,40,60,,編集
396,Fletcher,駆逐艦,18,20,82,31,60,62,83,33,30,0,高速,短,20,20,,編集
396b,Fletcher改,駆逐艦,35,52,90,54,72,91,91,62,40,0,高速,短,20,20,,編集
397,Atlanta,防空巡洋艦,27,29,67,38,66,120,20,40,17,0,高速,短,30,50,,編集
397b,Atlanta改,防空巡洋艦,41,61,76,64,70,128,32,50,18,0,高速,短,30,60,,編集
398,Honolulu,軽巡洋艦,38,39,66,59,34,70,35,65,15,4,高速,中,35,55,,編集
398b,Honolulu改,軽巡洋艦,53,67,79,77,40,80,43,76,27,6,高速,中,35,60,,編集
399,De Ruyter,軽巡洋艦,28,31,68,50,50,70,40,42,9,4,高速,中,30,35,,編集
399b,De Ruyter改,軽巡洋艦,43,67,73,70,60,75,50,55,10,5,高速,中,30,40,,編集
400,Houston改,重巡洋艦,54,73,76,76,60,75,0,53,20,7,高速,中,40,65,,編集
No.▲▼,艦名,艦種,耐久,装甲,回避,火力,雷装,対空,対潜,索敵,運,搭載,速力,射程,燃料,弾薬,備考,編集
401,Colorado,戦艦,77,90,43,96,0,90,0,37,30,3,低速,長,90,130,,編集
402,South Dakota,戦艦,79,93,59,100,0,91,0,48,20,6,高速,長,150,190,,編集
403,Hornet,正規空母,67,65,57,45,0,72,0,70,28,87,高速,中,60,65,,編集
403b,Hornet改,正規空母,81,84,73,55,0,86,0,90,30,90,高速,中,70,80,,編集
404,赤城改二,正規空母,81,81,73,60,0,85,0,91,20,90,高速,中,95,90,,編集
405,加賀改二,正規空母,84,80,70,56,0,84,0,90,18,99,高速,中,100,95,,編集
406,Colorado改,戦艦,91,99,54,105,0,100,0,52,40,5,低速,長,95,165,,編集
407,South Dakota改,戦艦,91,108,65,109,0,108,0,60,36,8,高速,長,160,200,,編集
408,宗谷,特務艦,22,35,77,9,0,32,32,2,55,0,低速,短,20,10,,編集
409,赤城改二戊,正規空母,81,81,75,67,0,84,0,90,20,78,高速,中,95,85,,編集
410,加賀改二戊,正規空母,84,80,71,62,0,84,0,89,18,86,高速,中,100,95,,編集
411,御蔵,海防艦,9,16,80,17,0,36,78,14,12,0,低速,短,10,10,,編集
412,屋代,海防艦,9,16,81,16,0,37,79,15,20,0,低速,短,10,10,,編集
413,Perth,軽巡洋艦,29,32,67,58,54,66,50,40,12,3,高速,中,30,45,,編集
414,Grecale,駆逐艦,15,18,84,26,57,40,60,20,14,0,高速,短,15,20,,編集
415,Helena,軽巡洋艦,39,40,65,60,32,72,36,64,9,4,高速,中,35,55,,編集
416,御蔵改,海防艦,17,33,89,37,0,60,84,29,15,0,低速,短,10,10,,編集
417,屋代改,海防艦,17,33,90,36,0,62,85,30,30,0,低速,短,10,10,,編集
418,Perth改,軽巡洋艦,45,68,72,72,72,70,55,50,22,3,高速,中,30,45,,編集
419,Grecale改,駆逐艦,29,51,95,55,68,80,79,46,40,0,高速,短,15,20,,編集
420,Helena改,軽巡洋艦,53,69,75,78,38,86,40,76,13,6,高速,中,35,60,,編集
No.▲▼,艦名,艦種,耐久,装甲,回避,火力,雷装,対空,対潜,索敵,運,搭載,速力,射程,燃料,弾薬,備考,編集
421,神州丸,揚陸艦,37,35,38,22,0,32,40,52,14,12,低速,短,35,5,,編集
422,夕張改二,兵装実験軽巡,41,65,83,56,80,88,83,52,30,0,高速,短,30,40,,編集
423,夕張改二特,兵装実験軽巡,41,66,81,56,88,78,70,50,30,0,低速,短,30,40,,編集
424,夕張改二丁,兵装実験軽巡,41,64,85,56,80,78,89,54,30,0,高速,短,30,40,,編集
425,秋霜,駆逐艦,16,19,81,30,69,40,53,20,11,0,高速,短,15,20,,編集
425b,秋霜改,駆逐艦,32,49,91,50,80,50,68,43,12,0,高速,短,15,20,,編集
426,神州丸改,揚陸艦,39,45,48,36,0,46,48,58,18,16,低速,短,40,20,2020/11/13メンテ後,編集
427,敷波改二,駆逐艦,31,51,93,61,88,62,79,48,30,0,高速,短,15,20,,編集
428,Fletcher改 Mod.2,駆逐艦,37,54,92,60,86,92,93,64,47,0,高速,短,20,25,,編集
429,Fletcher Mk.II,駆逐艦,38,56,94,62,82,95,97,66,47,0,高速,短,25,25,,編集
430,Gotland andra,軽(航空)巡洋艦,47,67,78,60,73,90,60,72,26,14,高速,中,30,35,,編集
431,薄雲,駆逐艦,15,19,80,29,69,39,49,19,7,0,高速,短,15,20,,編集
431b,薄雲改,駆逐艦,30,49,89,49,79,48,60,41,9,0,高速,短,15,20,,編集
432,有明,駆逐艦,16,19,80,29,70,38,50,19,10,0,高速,短,15,20,,編集
432b,有明改,駆逐艦,30,49,89,48,78,54,59,39,12,0,高速,短,15,20,,編集
433,,,,,,,,,,,,,,,,,,編集
434,迅鯨,潜水母艦,32,28,28,32,0,32,0,38,11,2,低速,中,30,10,,編集
435,長鯨,潜水母艦,31,28,30,31,0,33,0,37,17,2,低速,中,30,10,,編集
436,伊47,潜水艦,14,20,39,8,72,0,0,27,47,0,低速,短,10,20,,編集
436b,伊47改,潜水艦,18,21,50,12,88,0,0,30,50,0,低速,短,10,25,,編集
437,第四号海防艦,海防艦,8,15,79,15,0,19,67,11,18,0,低速,短,10,10,,編集
437b,第四号海防艦改,海防艦,15,29,91,28,0,41,76,20,20,0,低速,短,10,10,,編集
438,第三〇号海防艦,海防艦,9,15,77,15,0,21,65,11,17,0,低速,短,10,10,,編集
438b,第三〇号海防艦改,海防艦,15,28,89,28,0,45,74,19,20,0,低速,短,10,10,,編集
439,迅鯨改,潜水母艦,38,34,39,40,0,34,0,44,16,6,低速,中,30,10,,編集
440,長鯨改,潜水母艦,37,34,44,39,0,36,0,43,20,6,低速,中,30,10,,編集
No.▲▼,艦名,艦種,耐久,装甲,回避,火力,雷装,対空,対潜,索敵,運,搭載,速力,射程,燃料,弾薬,備考,編集
441,松,駆逐艦,14,22,70,26,60,60,75,25,14,0,高速,短,15,15,,編集
441b,松改,駆逐艦,27,55,83,43,72,74,80,45,18,0,高速,短,15,15,,編集
442,竹,駆逐艦,14,22,71,25,79,58,74,24,28,0,高速,短,15,15,,編集
442b,竹改,駆逐艦,26,54,83,42,98,71,79,43,38,0,高速,短,15,15,,編集
443,,,,,,,,,,,,,,,,,,編集
444,桃,駆逐艦,14,22,69,23,57,61,76,24,8,0,高速,短,15,15,,編集
444b,桃改,駆逐艦,26,55,82,41,71,77,81,43,11,0,高速,短,15,15,,編集
445,宗谷(灯台補給船),灯台補給船,23,40,79,1,0,0,2,18,65,0,低速,短,20,5,,編集
446,加賀改二護,正規空母,84,84,68,60,0,84,84,93,18,64,高速,中,105,105,,編集
447,,,,,,,,,,,,,,,,,,編集
448,秋雲改二,駆逐艦,33,53,91,65,91,64,75,42,18,0,高速,短,15,20,,編集
449,高波改二,駆逐艦,33,53,90,68,86,62,72,58,12,0,高速,短,15,20,,編集
450,宗谷(南極観測船),南極観測船,26,62,88,1,0,0,4,32,77,6,低速,短,25,5,,編集
451,丹陽,駆逐艦,35,60,97,68,56,88,60,50,60,0,高速,短,15,20,,編集
452,球磨改二,軽巡洋艦,46,70,82,70,92,80,80,58,16,3,高速,短,25,35,,編集
453,Scirocco,駆逐艦,15,18,81,27,58,41,60,20,9,0,高速,短,15,20,,編集
453b,Scirocco改,駆逐艦,28,50,92,55,72,63,80,46,13,0,高速,短,15,20,,編集
454,Washington,戦艦,81,91,59,99,0,91,0,46,24,6,高速,長,140,190,,編集
455,Northampton,重巡洋艦,44,47,61,51,44,62,0,51,10,6,高速,中,40,60,,編集
456,雪風改二,駆逐艦,35,60,100,66,90,85,74,48,63,0,高速,短,15,25,,編集
457,球磨改二丁,軽巡洋艦,46,70,81,67,84,84,84,53,16,0,高速,短,25,35,,編集
458,Gambier Bay Mk.II,改装特務空母,53,61,63,55,0,67,77,70,16,49,低速,短,30,40,,編集
459,Washington改,戦艦,93,104,66,107,0,106,0,62,38,8,高速,長,150,195,,編集
460,Northampton改,重巡洋艦,55,73,75,75,65,78,0,52,12,7,高速,中,40,65,,編集
No.▲▼,艦名,艦種,耐久,装甲,回避,火力,雷装,対空,対潜,索敵,運,搭載,速力,射程,燃料,弾薬,備考,編集
461,,,,,,,,,,,,,,,,,,編集
462,能代改二,軽巡洋艦,53,72,83,78,86,82,84,61,13,8,高速,中,35,45,,編集
463,矢矧改二,軽巡洋艦,54,73,88,78,89,80,83,60,17,8,高速,中,40,45,,編集
464,,,,,,,,,,,,,,,,,,編集
465,曙改二,駆逐艦,31,54,91,60,87,80,74,46,18,0,高速,短,15,20,,編集
466,,,,,,,,,,,,,,,,,,編集
467,山風改二丁,駆逐艦,30,51,85,60,84,66,82,41,10,0,高速,短,15,20,,編集
468,矢矧改二乙,軽巡洋艦,53,74,86,81,88,88,80,60,17,6,高速,中,45,50,,編集
469,,,,,,,,,,,,,,,,,,編集
470,親潮改二,駆逐艦,33,54,90,68,89,66,69,42,21,0,高速,短,15,20,,編集
471,巻波,駆逐艦,16,19,77,32,68,46,54,23,8,0,高速,短,15,20,,編集
471b,巻波改,駆逐艦,32,49,85,53,81,56,66,54,9,0,高速,短,15,20,,編集
472,,,,,,,,,,,,,,,,,,編集
473,,,,,,,,,,,,,,,,,,編集
474,,,,,,,,,,,,,,,,,,編集
475,涼波,駆逐艦,16,19,74,32,69,41,55,22,6,0,高速,短,15,20,,編集
475b,涼波改,駆逐艦,32,48,79,52,82,54,69,54,7,0,高速,短,15,20,,編集
476,,,,,,,,,,,,,,,,,,編集
477,Conte di Cavour,戦艦,57,67,40,75,12,49,0,29,22,5,低速,長,70,105,,編集
478,Conte di Cavour改,戦艦,73,87,67,91,0,76,0,40,23,2,高速,長,75,110,,編集
479,Conte di Cavour nuovo,戦艦,78,91,70,95,30,90,0,58,24,9,高速,長,85,115,,編集
480,,,,,,,,,,,,,,,,,,編集
No.▲▼,艦名,艦種,耐久,装甲,回避,火力,雷装,対空,対潜,索敵,運,搭載,速力,射程,燃料,弾薬,備考,編集
481,,,,,,,,,,,,,,,,,,編集
482,伊203,潜水艦,12,16,70,3,64,5,0,38,23,0,低速,短,15,15,,編集
483,龍鳳改二戊,軽空母,61,73,79,45,0,72,50,77,42,57,低速,中,40,50,,編集
484,雲鷹,軽空母,39,35,--,13,0,29,--,--,8,27,低速,短,30,25,,編集
484b,雲鷹改,軽空母,47,52,--,24,0,46,--,--,10,37,低速,短,30,30,,編集
485,Victorious,装甲空母,59,80,58,38,0,77,0,73,10,49,高速,短,65,55,,編集
485b,Victorious改,装甲空母,74,85,67,55,0,84,0,85,22,57,高速,中,75,65,,編集
486,,,,,,,,,,,,,,,,,,編集
487,伊203改,潜水艦,13,18,80,4,69,5,0,48,24,0,低速,短,20,20,,編集
488,龍鳳改二,軽空母,63,74,75,47,0,81,46,80,42,62,高速,中,60,60,,編集
489,雲鷹改二,軽空母,49,55,--,39,0,57,--,--,15,41,低速,中,35,35,,編集
490,,,,,,,,,,,,,,,,,,編集
491,,,,,,,,,,,,,,,,,,編集
492,,,,,,,,,,,,,,,,,,編集
493,Scamp,潜水艦,13,20,43,11,73,0,0,41,11,0,低速,短,10,20,,編集
493b,Scamp改,潜水艦,17,23,55,13,82,0,0,43,17,0,低速,短,10,20,,編集
494,,,,,,,,,,,,,,,,,,編集
495,昭南,海防艦,9,17,82,18,0,38,76,14,9,0,低速,短,10,10,,編集
495b,昭南改,海防艦,18,34,88,37,0,63,81,28,12,0,低速,短,10,10,,編集
496,,,,,,,,,,,,,,,,,,編集
497,,,,,,,,,,,,,,,,,,編集
498,,,,,,,,,,,,,,,,,,編集
499,,,,,,,,,,,,,,,,,,編集
500,,,,,,,,,,,,,,,,,,編集
No.▲,艦名,艦種,耐久,装甲,回避,火力,雷装,対空,対潜,索敵,運,搭載,速力,射程,燃料,弾薬,備考,編集
---,イオナ,潜水艦,70,99,69,129,129,59,0,69,50,0,高速,長,150,150,Lv99?期間限定,編集
---,タカオ,重巡洋艦,77,109,59,139,79,69,0,79,20,0,高速,長,175,200,Lv99?期間限定,編集
---,ハルナ,戦艦,102,119,49,149,0,79,0,89,30,0,高速,超長,200,275,期間限定,編集
